ticker,pe_ratio,ev_ebitda,roe,gross_margin,market_cap,sector,name
MMM,27.806665,15.435,0.75501,0.39915,87874625536,Industrials,3M Company
AOS,20.155819,13.07,0.29197,0.38833,10731283456,Industrials,A.O. Smith Corporation
ABT,30.798843,18.997,0.12961,0.56664,199407353856,Healthcare,Abbott Laboratories
ABBV,96.82204,16.03,62.25,0.71620005,403847380992,Healthcare,AbbVie Inc.
ACN,16.639786,9.904,0.25016,0.31968,124756443136,Technology,Accenture plc
ADBE,15.221556,10.963,0.55426,0.89268,106408116224,Technology,Adobe Inc.
AMD,80.88123,46.552,0.07082,0.52493,344179736576,Technology,"Advanced Micro Devices, Inc."
AES,10.74671,15.091,0.05106,0.17265,11632495616,Utilities,The AES Corporation
AFL,16.392962,12.641,0.13118,0.46644002,58595938304,Financial Services,AFLAC Incorporated
A,27.305252,18.898,0.20618999,0.52432,35376410624,Healthcare,"Agilent Technologies, Inc."
APD,,97.262,-0.01667,0.31628,62767927296,Basic Materials,"Air Products and Chemicals, Inc"
ABNB,31.153845,25.242,0.30233,0.82959,75268980736,Consumer Cyclical,"Airbnb, Inc."
AKAM,30.14223,15.918,0.091730006,0.58949,14787188736,Technology,"Akamai Technologies, Inc."
ALB,,34.03,-0.04656,0.13097,22216558592,Basic Materials,Albemarle Corporation
ARE,,13.0,-0.05856,0.69418997,9351287808,Real Estate,Alexandria Real Estate Equities
ALGN,32.67138,15.036,0.103870004,0.67954004,13404179456,Healthcare,"Align Technology, Inc."
ALLE,21.528225,15.366,0.36084,0.45196998,13797922816,Industrials,Allegion plc
LNT,22.306602,16.34,0.11299,0.45667,18234103808,Utilities,Alliant Energy Corporation
ALL,5.447451,4.61,0.39518002,0.31301,54254469120,Financial Services,Allstate Corporation (The)
GOOGL,28.728952,24.693,0.35705003,0.59652,3756844384256,Communication Services,Alphabet Inc.
GOOG,28.715353,24.709,0.35705003,0.59652,3758539407360,Communication Services,Alphabet Inc.
MO,16.638351,10.95,,0.72306997,115072942080,Consumer Defensive,"Altria Group, Inc."
AMZN,29.14246,15.502,0.22286,0.50286,2239948652544,Consumer Cyclical,"Amazon.com, Inc."
AMCR,37.8312,13.523,0.07734,0.1893,23248060416,Consumer Cyclical,Amcor plc
AEE,21.131,13.646,0.11337,0.49244,30371164160,Utilities,Ameren Corporation
AEP,19.735338,13.594,0.12486,0.47522,70982664192,Utilities,American Electric Power Company
AXP,20.674463,,0.33992,0.63469005,219178811392,Financial Services,American Express Company
AIG,14.558012,5.129,0.07399,0.34113997,42653491200,Financial Services,"American International Group, I"
AMT,30.548643,20.636,0.28839,0.74285007,89688834048,Real Estate,American Tower Corporation (REI
AWK,23.286467,14.96,0.10496,0.6072,25865148416,Utilities,"American Water Works Company, I"
AMP,14.549873,,0.60508,0.56184,42688778240,Financial Services,"Ameriprise Financial, Inc."
AME,36.583466,23.367,0.14594,0.36383,53982806016,Industrials,"AMETEK, Inc."
AMGN,26.800423,15.095,1.0610299,0.70783997,205584220160,Healthcare,Amgen Inc.
APH,44.83533,26.745,0.36851,0.37217999,184074944512,Technology,Amphenol Corporation
ADI,79.00879,32.613,0.07862,0.62842,176025747456,Technology,"Analog Devices, Inc."
AON,18.640047,14.337,0.4694,0.47197,68229050368,Financial Services,Aon plc
APA,6.7906704,2.607,0.27427998,0.66542,10155768832,Energy,APA Corporation
APO,16.603498,,0.14698,0.36960998,66110132224,Financial Services,"Apollo Global Management, Inc. "
AAPL,34.653603,25.712,1.5202099,0.47325,4028848144384,Technology,Apple Inc.
AMAT,38.600513,33.202,0.38863,0.48724,298721050624,Technology,"Applied Materials, Inc."
APP,38.246765,30.305,2.12945,0.87864,130040750080,Communication Services,Applovin Corporation
APTV,104.21334,7.175,0.01948,0.19153999,16888767488,Consumer Cyclical,Aptiv PLC
ACGL,8.471551,6.366,0.19540001,0.37162,35635249152,Financial Services,Arch Capital Group Ltd.
ADM,30.183855,16.492,0.04721,0.0627,32347146240,Consumer Defensive,Archer-Daniels-Midland Company
ARES,68.20188,34.097,0.13579,0.36539,37985845248,Financial Services,Ares Management Corporation
ANET,46.872726,38.028,0.314,0.64056,162321842176,Technology,"Arista Networks, Inc."
AJG,36.972126,19.359,0.06906,0.42163,54561763328,Financial Services,Arthur J. Gallagher & Co.
AIZ,13.024218,7.402,0.15899,0.11892,11126256640,Financial Services,"Assurant, Inc."
T,9.28454,8.113,0.18805,0.59554,200099708928,Communication Services,AT&T Inc.
ATO,23.594524,16.445,0.09237,0.57824004,29939486720,Utilities,Atmos Energy Corporation
ADSK,42.777134,26.409,0.40333998,0.92130995,47015489536,Technology,"Autodesk, Inc."
ADP,19.721422,13.717,0.73843,0.48351002,83033325568,Technology,"Automatic Data Processing, Inc."
AZO,26.624605,18.07,,0.52146,63418851328,Consumer Cyclical,"AutoZone, Inc."
AVB,23.674763,18.587,0.088879995,0.62786,24839999488,Real Estate,"AvalonBay Communities, Inc."
AVY,22.414108,12.912,0.30212998,0.28754,15228738560,Consumer Cyclical,Avery Dennison Corporation
AXON,136.46855,464.447,0.10028,0.60357,34473390080,Industrials,"Axon Enterprise, Inc."
BKR,24.792309,14.075,0.14552,0.23676,63701721088,Energy,Baker Hughes Company
BALL,20.183334,11.94,0.16122,0.19588,18126477312,Consumer Cyclical,Ball Corporation
BAC,13.177166,,0.1019,0.0,366621818880,Financial Services,Bank of America Corporation
BAX,,9.279,-0.13713,0.35735,10788855808,Healthcare,Baxter International Inc.
BDX,29.982027,11.797,0.0696,0.46784002,66477531136,Healthcare,"Becton, Dickinson and Company"
BRK-B,15.718031,-2.421,0.1017,0.24361,1060675256320,Financial Services,Berkshire Hathaway Inc. New
BBY,20.920792,6.197,0.22493,0.22496,13318319104,Consumer Cyclical,"Best Buy Co., Inc."
TECH,106.22642,26.438,0.03966,0.66605,8808320000,Healthcare,Bio-Techne Corp
BIIB,22.35568,8.784,0.07394,0.78946,28871804928,Healthcare,Biogen Inc.
BLK,30.385681,18.08,0.10686,0.49752,166605701120,Financial Services,"BlackRock, Inc."
BX,29.671837,,0.29228002,1.0,141199409152,Financial Services,Blackstone Inc.
XYZ,10.259558,18.041,0.14692001,0.41118,31082688512,Technology,"Block, Inc."
BK,15.753721,,0.12898,0.0,81185382400,Financial Services,The Bank of New York Mellon Cor
BA,93.89554,-64.451,2.90084,0.04828,183614062592,Industrials,Boeing Company (The)
BKNG,26.32199,12.346,,0.87357,131094740992,Consumer Cyclical,Booking Holdings Inc. Common St
BSX,38.26804,22.589,0.12445,0.68781,110163648512,Healthcare,Boston Scientific Corporation
BMY,17.783236,8.437,0.40442002,0.72623,125304225792,Healthcare,Bristol-Myers Squibb Company
AVGO,68.29307,4.718,0.31048,0.77325994,1541269618688,Technology,Broadcom Inc.
BR,19.732004,13.512,0.41793,0.31219998,20802285568,Technology,"Broadridge Financial Solutions,"
BRO,21.75,15.342,0.11226,0.49071997,23465852928,Financial Services,"Brown & Brown, Inc."
BF-B,17.649122,13.899,0.20666,0.59115005,13979661312,Consumer Defensive,Brown Forman Inc
BLDR,27.890745,12.183,0.10064,0.30386,12000097280,Industrials,"Builders FirstSource, Inc."
BG,28.394798,18.546,0.05964,0.04847,23224594432,Consumer Defensive,Bunge Limited
BXP,34.037354,15.357,0.04916,0.59155,10481413120,Real Estate,"BXP, Inc."
CHRW,36.609505,25.434,0.32911,0.08550999,21018425344,Industrials,"C.H. Robinson Worldwide, Inc."
CDNS,74.80334,39.724,0.21855,0.86364,79290490880,Technology,"Cadence Design Systems, Inc."
CPT,30.526836,17.205,0.08598,0.61731,11497611264,Real Estate,Camden Property Trust
CPB,13.896906,8.301,0.14815,0.30271998,8037699072,Consumer Defensive,The Campbell's Company
COF,57.1875,,0.02394,0.0,122156212224,Financial Services,Capital One Financial Corporati
CAH,32.222305,15.521,,0.03695,52697845760,Healthcare,"Cardinal Health, Inc."
CCL,15.487624,9.528,0.25632998,0.55548,43245789184,Consumer Cyclical,Carnival Corporation
CARR,37.89361,19.007,0.10925,0.26054,53527609344,Industrials,Carrier Global Corporation
CVNA,39.102962,23.135,0.67946,0.20628001,72409120768,Consumer Cyclical,Carvana Co.
CAT,40.87951,27.699,0.43526,0.28795,360423817216,Industrials,"Caterpillar, Inc."
CBOE,28.060999,18.208,0.2336,0.51527,30568230912,Financial Services,"Cboe Global Markets, Inc."
CBRE,38.16104,22.954,0.13572,0.18658,43722362880,Real Estate,CBRE Group Inc
CDW,15.642326,10.896,0.43018,0.21733,16564767744,Technology,CDW Corporation
COR,43.716164,16.032,1.33467,0.03613,71009533952,Healthcare,"Cencora, Inc."
CNC,,7.52,-0.28678,0.104729995,20674054144,Healthcare,Centene Corporation
CNP,26.800632,14.054,0.096429996,0.45421,27645708288,Utilities,"CenterPoint Energy, Inc (Holdin"
CF,11.359129,5.94,0.23401,0.38452998,15215739904,Basic Materials,"CF Industries Holdings, Inc."
CRL,,11.994,-0.04232,0.34981,8190930432,Healthcare,Charles River Laboratories Inte
SCHW,19.979568,,0.18110001,0.97407997,168642953216,Financial Services,Charles Schwab Corporation (The
CHTR,6.368028,5.974,0.28667998,0.55309,29848270848,Communication Services,"Charter Communications, Inc."
CVX,27.864443,10.659,0.0716,0.41830003,369920212992,Energy,Chevron Corporation
CMG,32.072807,21.708,0.47355,0.40098998,48346451968,Consumer Cyclical,"Chipotle Mexican Grill, Inc."
CB,12.91975,10.885,0.14337,0.30222,130521137152,Financial Services,Chubb Limited
CHD,34.721855,19.45,0.1762,0.45134997,25180041216,Consumer Defensive,"Church & Dwight Company, Inc."
CIEN,396.40115,108.375,0.04448,0.42036,48225599488,Technology,Ciena Corporation
CI,12.613893,7.731,0.1513,0.092980005,74701733888,Healthcare,The Cigna Group
CINF,10.539526,7.595,0.16036,0.25018,24961402880,Financial Services,Cincinnati Financial Corporatio
CTAS,42.861473,28.904,0.43396,0.50249,79577645056,Industrials,Cintas Corporation
CSCO,28.228416,19.829,0.23754999,0.64814,310062120960,Technology,"Cisco Systems, Inc."
C,15.62246,,0.06831,0.0,195389652992,Financial Services,"Citigroup, Inc."
CFG,15.991581,,0.07241,0.0,26511110144,Financial Services,"Citizens Financial Group, Inc."
CLX,20.792143,15.046,9.87179,0.44155,15496387584,Consumer Defensive,Clorox Company (The)
CME,28.230942,24.47,0.1475,1.0,113165516800,Financial Services,CME Group Inc.
CMS,21.546741,14.106,0.108559996,0.41527,23306373120,Utilities,CMS Energy Corporation
KO,26.514606,23.677,0.43323,0.61626,346728628224,Consumer Defensive,Coca-Cola Company (The)
CTSH,13.5394745,7.432,0.15158,0.33717,29798592512,Technology,Cognizant Technology Solutions 
COIN,35.429214,23.085,0.10055,0.85178,42514219008,Financial Services,"Coinbase Global, Inc. - 3"
CL,36.984787,17.281,4.9747,0.60107,78615633920,Consumer Defensive,Colgate-Palmolive Company
CMCSA,5.8330245,5.689,0.2141,0.71747,114564046848,Communication Services,Comcast Corporation
FIX,61.329945,33.761,0.49238998,0.24125999,51087544320,Industrials,"Comfort Systems USA, Inc."
CAG,,9.161,-0.0116,0.24620001,9110546432,Consumer Defensive,"ConAgra Brands, Inc."
COP,17.259056,6.28,0.12357,0.4618,133962268672,Energy,ConocoPhillips
ED,19.3514,11.169,0.08767,0.53251,39951966208,Utilities,"Consolidated Edison, Inc."
STZ,24.85188,10.84,0.14454001,0.52141,27603451904,Consumer Defensive,"Constellation Brands, Inc."
CEG,34.884884,16.337,0.19839,0.20131999,110333640704,Utilities,Constellation Energy Corporatio
COO,44.366306,17.787,0.045939997,0.65539,16494182400,Healthcare,"The Cooper Companies, Inc."
CPRT,21.67178,15.028,0.17129,0.47332,34195224576,Industrials,"Copart, Inc."
GLW,82.39344,36.221,0.14904,0.35984,129361412096,Technology,Corning Incorporated
CPAY,22.501995,13.186,0.29071,0.78598,23882137600,Technology,"Corpay, Inc."
CTVA,44.13143,13.195,0.04974,0.4729,52186783744,Basic Materials,"Corteva, Inc."
CSGP,814.8333,123.531,0.00252,0.79251,20720695296,Real Estate,"CoStar Group, Inc."
COST,53.39351,32.659,0.30325,0.12876001,441851117568,Consumer Defensive,Costco Wholesale Corporation
CTRA,14.062499,6.226,0.118549995,0.74767,23126843392,Energy,Coterra Energy Inc.
CRH,21.992754,13.103,0.15684,0.36126,81371095040,Basic Materials,CRH PLC
CRWD,,-899.313,-0.088149995,0.74277,88864694272,Technology,"CrowdStrike Holdings, Inc."
CCI,35.125435,24.358,,0.74085,38546903040,Real Estate,Crown Castle Inc.
CSX,27.448053,15.081,0.22511,0.45586,78603460608,Industrials,CSX Corporation
CMI,29.135122,16.708,0.23928,0.25759,82522087424,Industrials,Cummins Inc.
CVS,52.76259,11.452,0.022869999,0.13288,93303955456,Healthcare,CVS Health Corporation
DHR,42.171314,22.826,0.07053,0.59113,149650718720,Healthcare,Danaher Corporation
DRI,22.497902,16.498,0.54104,0.21552,24938252288,Consumer Cyclical,"Darden Restaurants, Inc."
DDOG,334.41934,4380.896,0.03343,0.79976,36354035712,Technology,"Datadog, Inc."
DVA,15.64233,8.756,0.64848,0.32255,9954818048,Healthcare,DaVita Inc.
DECK,16.889204,11.052,0.39688,0.57545,17329059840,Consumer Cyclical,Deckers Outdoor Corporation
DE,34.427567,27.068,0.19566,0.26248,172650037248,Industrials,Deere & Company
DELL,16.12567,9.661,,0.20948,80839548928,Technology,Dell Technologies Inc.
DAL,8.985641,7.785,0.27693,0.20452,44954984448,Industrials,"Delta Air Lines, Inc."
DVN,10.314148,4.598,0.17736,0.47699,26677567488,Energy,Devon Energy Corporation
DXCM,34.693783,23.713,0.34497002,0.60101,28280080384,Healthcare,"DexCom, Inc."
FANG,11.905197,6.838,0.10901,0.74942,48574685184,Energy,"Diamondback Energy, Inc."
DLR,49.703083,28.767,0.05469,0.55158,62069301248,Real Estate,"Digital Realty Trust, Inc."
DG,26.281364,15.542,0.16450001,0.30407,33495289856,Consumer Defensive,Dollar General Corporation
DLTR,24.935606,15.421,0.20066999,0.35939997,26854406144,Consumer Defensive,"Dollar Tree, Inc."
D,20.637257,14.969,0.09945,0.46625,53924626432,Utilities,"Dominion Energy, Inc."
DPZ,24.177193,18.769,,0.28625,14035502080,Consumer Cyclical,Domino's Pizza Inc
DASH,83.893936,56.921,0.10439,0.51826,71593164800,Consumer Cyclical,"DoorDash, Inc."
DOV,29.075377,18.102,0.15285,0.40164003,31742740480,Industrials,Dover Corporation
DOW,,14.276,-0.13818,0.062319998,22222030848,Basic Materials,Dow Inc.
DHI,14.94859,11.476,0.13477,0.22068001,47823290368,Consumer Cyclical,"D.R. Horton, Inc."
DTE,20.497154,15.592,0.12177,0.30309,29943482368,Utilities,DTE Energy Company
DUK,20.122028,12.898,0.09724,0.51177,98739650560,Utilities,Duke Energy Corporation (Holdin
DD,242.09525,15.477,0.0051700003,0.34500998,21300705280,Basic Materials,"DuPont de Nemours, Inc."
ETN,35.673042,23.946,0.21525998,0.37772998,145263411200,Industrials,"Eaton Corporation, PLC"
EBAY,18.864767,15.488,0.40847,0.71449995,38881607680,Consumer Cyclical,eBay Inc.
ECL,42.293674,24.102,0.22516,0.44512,87207567360,Basic Materials,Ecolab Inc.
EIX,9.753604,8.766,0.24103001,0.5783,28639346688,Utilities,Edison International
EW,45.430943,24.998,0.1042,0.78011,48277237760,Healthcare,Edwards Lifesciences Corporatio
EA,75.20973,36.813,0.10027,0.78264,50253447168,Communication Services,Electronic Arts Inc.
ELV,12.748612,7.844,0.1325,0.25563,70960963584,Healthcare,"Elevance Health, Inc."
EME,32.517303,20.99,0.37088,0.19385,36173279232,Industrials,"EMCOR Group, Inc."
EMR,37.02457,16.009,0.09646,0.52757,84733304832,Industrials,Emerson Electric Company
ETR,26.705881,13.355,0.10774,0.47717,47233273856,Utilities,Entergy Corporation
EOG,12.11857,6.034,0.18476999,0.62289,66629758976,Energy,"EOG Resources, Inc."
EPAM,19.954197,8.327,0.10335,0.28868,7279586304,Technology,"EPAM Systems, Inc."
EQT,17.57553,7.924,0.09007,0.78629,36317138944,Energy,EQT Corporation
EFX,36.628532,14.908,0.13757,0.56447,23805333504,Industrials,"Equifax, Inc."
EQIX,68.59449,27.98,0.09722,0.51317,93075906560,Real Estate,"Equinix, Inc."
EQR,21.48129,17.381,0.100200005,0.62878,24765509632,Real Estate,Equity Residential
ERIE,20.845163,16.264,0.30444,0.17988001,13515885568,Financial Services,Erie Indemnity Company
ESS,24.497593,18.664,0.12235,0.68583,17589663744,Real Estate,"Essex Property Trust, Inc."
EL,,21.402,-0.04341,0.74317,42121306112,Consumer Defensive,"Estee Lauder Companies, Inc. (T"
EG,8.856878,,0.10847,0.124960005,14053833728,Financial Services,"Everest Group, Ltd."
EVRG,22.271233,12.522,0.08569,0.52266,18714107904,Utilities,"Evergy, Inc."
ES,16.342104,12.43,0.10777,0.53622,27982006272,Utilities,Eversource Energy (D/B/A)
EXC,17.54945,12.15,0.09936,0.4293,49006784512,Utilities,Exelon Corporation
EXE,32.580387,5.218,0.100659996,0.45321998,24132544512,Energy,Expand Energy Corporation
EXPE,20.012754,10.915,0.48672,0.90116996,24032151552,Consumer Cyclical,"Expedia Group, Inc."
EXPD,22.323816,16.738,0.36505002,0.13682,18572402688,Industrials,Expeditors International of Was
EXR,33.352352,20.558,0.07008,0.75028,33037455360,Real Estate,Extra Space Storage Inc
XOM,22.341555,11.37,0.110810004,0.31049,630318628864,Energy,Exxon Mobil Corporation
FFIV,22.437864,16.186,0.20844,0.81385005,15385864192,Technology,"F5, Inc."
FDS,12.801527,9.033,0.28831,0.52263,7530387968,Financial Services,FactSet Research Systems Inc.
FICO,45.44064,33.265,,0.82857,29147740160,Technology,Fair Isaac Corporation
FAST,41.58257,28.28,0.33291,0.45012,52041224192,Industrials,Fastenal Company
FRT,23.092949,18.103,0.12235,0.67917,9381476352,Real Estate,Federal Realty Investment Trust
FDX,21.39181,,0.15886,0.27618,91208581120,Industrials,FedEx Corporation
FIS,150.6922,11.865,0.011829999,0.36648998,25189879808,Technology,Fidelity National Information S
FITB,14.109065,,0.121929996,0.0,44826914816,Financial Services,Fifth Third Bancorp
FSLR,18.874905,12.303,0.16864,0.40048,26391365632,Technology,"First Solar, Inc."
FE,21.680435,11.409,0.09195,0.66867995,28805292032,Utilities,FirstEnergy Corp.
FISV,9.229495,,,,31808352256,,"Fiserv, Inc."
F,,35.555,-0.20193,0.0581,56741109760,Consumer Cyclical,Ford Motor Company
FTNT,31.247934,24.072,1.3571601,0.80456,57945038848,Technology,"Fortinet, Inc."
FTV,36.38994,17.929,0.06396,0.63502,18377009152,Technology,Fortive Corporation
FOXA,13.390887,8.269,0.16823,0.35439,23754117120,Communication Services,Fox Corporation
FOX,12.278177,7.728,0.16823,0.35439,23902920704,Communication Services,Fox Corporation
BEN,25.032406,10.115,0.04464,0.37035,14095797248,Financial Services,"Franklin Resources, Inc."
FCX,44.980267,12.388,0.13946,0.37063,98261483520,Basic Materials,"Freeport-McMoRan, Inc."
GRMN,30.737036,21.803,0.19783,0.58744,47925219328,Technology,Garmin Ltd.
IT,15.398033,9.033,0.86861,0.68393,10721114112,Technology,"Gartner, Inc."
GE,42.163765,34.133,0.44692,0.31499,357133615104,Industrials,GE Aerospace
GEHC,18.573626,12.194,0.22378,0.39985,38515412992,Healthcare,GE HealthCare Technologies Inc.
GEV,48.867947,72.637,0.42641,0.20082001,234947231744,Industrials,GE Vernova Inc.
GEN,22.525772,10.418,0.26902,0.78845,13475247104,Technology,Gen Digital Inc.
GNRC,86.143654,29.742,0.06283,0.38291,13548097536,Industrials,Generac Holdlings Inc.
GD,22.729624,16.027,0.17658001,0.1513,95014961152,Industrials,General Dynamics Corporation
GIS,9.679569,10.519,0.27173,0.33830002,24016529408,Consumer Defensive,"General Mills, Inc."
GM,24.96942,10.095,0.04318,0.107209995,76168126464,Consumer Cyclical,General Motors Company
GPC,261.6413,11.149,0.015,0.37452,16742643712,Consumer Cyclical,Genuine Parts Company
GILD,21.841679,13.711,0.40655,0.78839993,183998988288,Healthcare,"Gilead Sciences, Inc."
GPN,12.057663,10.757,0.04824,0.72643,22249732096,Industrials,Global Payments Inc.
GL,10.112296,8.809,0.21124001,0.33691,11525183488,Financial Services,Globe Life Inc.
GDDY,15.812068,12.105,3.69454,0.63594,12697159680,Technology,GoDaddy Inc.
GS,17.556324,,0.13885,0.82883,272695705600,Financial Services,"Goldman Sachs Group, Inc. (The)"
HAL,23.406668,8.655,0.12274,0.15705,29549510656,Energy,Halliburton Company
HIG,10.486112,7.485,0.21656,0.37432998,38955397120,Financial Services,"The Hartford Insurance Group, I"
HAS,,13.565,-0.36355,0.63821,13941079040,Consumer Cyclical,"Hasbro, Inc."
HCA,18.516226,11.019,,0.415,117387124736,Healthcare,"HCA Healthcare, Inc."
DOC,173.25,14.46,0.01164,0.59973997,12041636864,Real Estate,"Healthpeak Properties, Inc."
HSIC,26.818611,14.173,0.08347999,0.31187,10309633024,Healthcare,"Henry Schein, Inc."
HSY,52.36636,25.636,0.1889,0.33549,46086975488,Consumer Defensive,The Hershey Company
HPE,,10.195,0.0023,0.30257,26870824960,Technology,Hewlett Packard Enterprise Comp
HLT,50.843697,29.394,,0.77917,72207147008,Consumer Cyclical,Hilton Worldwide Holdings Inc.
HOLX,31.290457,12.583,0.108559996,0.60378,16834899968,Healthcare,"Hologic, Inc."
HD,26.56071,17.18,1.62909,0.33355,387632267264,Consumer Cyclical,"Home Depot, Inc. (The)"
HON,32.257935,21.052,0.26136,0.36933997,164336599040,Industrials,Honeywell International Inc.
HRL,29.306896,13.211,0.06002,0.15704,14026084352,Consumer Defensive,Hormel Foods Corporation
HST,18.443396,11.422,0.11489,0.28832,13618069504,Real Estate,"Host Hotels & Resorts, Inc."
HWM,69.84459,44.191,0.30443,0.34174,104016060416,Industrials,Howmet Aerospace Inc.
HPQ,6.9770565,5.373,,0.20602,17281890304,Technology,HP Inc.
HUBB,31.985184,20.885,0.24542,0.35486,28124346368,Industrials,Hubbell Inc
HUM,16.361086,4.285,0.07039,0.14538999,21035759616,Healthcare,Humana Inc.
HBAN,12.197842,,0.10095,0.0,34415128576,Financial Services,Huntington Bancshares Incorpora
HII,28.76643,17.164,0.124239996,0.12696,17350762496,Industrials,"Huntington Ingalls Industries, "
IBM,20.898655,15.464,0.35158002,0.58188,217812008960,Technology,International Business Machines
IEX,32.318253,17.957,0.1234,0.44522998,15596515328,Industrials,IDEX Corporation
IDXX,49.436592,33.492,0.66202,0.61797,51773038592,Healthcare,"IDEXX Laboratories, Inc."
ITW,28.019049,19.95,0.93718004,0.44097,84788445184,Industrials,Illinois Tool Works Inc.
INCY,15.726989,11.491,0.2987,0.52884996,20062648320,Healthcare,Incyte Corporation
IR,64.97931,20.209,0.057729997,0.43607,37227302912,Industrials,Ingersoll Rand Inc.
PODD,70.43839,31.623,0.18124,0.71633005,17305411584,Healthcare,Insulet Corporation
INTC,,18.974,0.00022,0.36563998,227331080192,Technology,Intel Corporation
IBKR,32.25225,,0.23507999,0.92538,121715523584,Financial Services,"Interactive Brokers Group, Inc."
ICE,27.088541,17.336,0.11885,1.0,88964956160,Financial Services,Intercontinental Exchange Inc.
IFF,,13.423,-0.02649,0.36171,21202630656,Basic Materials,International Flavors & Fragran
IP,,10.607,-0.24678,0.29737,23397378048,Consumer Cyclical,International Paper Company
INTU,24.873627,,0.21987,0.80728996,100825341952,Technology,Intuit Inc.
ISRG,62.738884,47.53,0.16690001,0.65996003,175347335168,Healthcare,"Intuitive Surgical, Inc."
IVZ,,10.98,-0.01219,0.28573,11552386048,Financial Services,Invesco Ltd
INVH,26.56842,16.076,0.060939997,0.58247,15472640000,Real Estate,Invitation Homes Inc.
IQV,20.869884,14.239,0.21438,0.33291999,27864469504,Healthcare,"IQVIA Holdings, Inc."
IRM,229.12244,22.415,,0.55381,33213417472,Real Estate,Iron Mountain Incorporated (Del
JBHT,36.517128,14.415,0.15787,0.18898001,21314627584,Industrials,"J.B. Hunt Transport Services, I"
JBL,42.278122,12.873,0.47823003,0.089420006,28904155136,Technology,Jabil Inc.
JKHY,22.463417,16.189,0.24284,0.43842,11332088832,Technology,"Jack Henry & Associates, Inc."
J,35.386845,14.061,0.09726,0.24445999,15879335936,Industrials,Jacobs Solutions Inc.
JNJ,22.33606,18.373,0.35029998,0.68081003,594257248256,Healthcare,Johnson & Johnson
JCI,48.369564,23.366,0.12640001,0.36466998,88520073216,Industrials,Johnson Controls International 
JPM,14.749625,,0.16134001,0.0,796797763584,Financial Services,JP Morgan Chase & Co.
KVUE,24.94079,13.547,0.14388,0.58370996,36317483008,Consumer Defensive,Kenvue Inc.
KDP,26.491379,13.622,0.06291,0.54761004,41749258240,Consumer Defensive,Keurig Dr Pepper Inc.
KEY,13.720394,,0.09482,0.0,22990573568,Financial Services,KeyCorp
KEYS,59.41534,35.42,0.1582,0.62084,51247034368,Technology,Keysight Technologies Inc.
KMB,22.742798,13.633,1.26603,0.37308,36687380480,Consumer Defensive,Kimberly-Clark Corporation
KIM,28.45122,18.365,0.055370003,0.69051003,15798937600,Real Estate,Kimco Realty Corporation (HC)
KMI,23.65438,14.944,0.09826,0.49306,72098193408,Energy,"Kinder Morgan, Inc."
KKR,40.465813,,0.08946,0.57235,87684874240,Financial Services,KKR & Co. Inc.
KLAC,43.897266,34.116,1.00726,0.61574,198180388864,Technology,KLA Corporation
KHC,,8.254,-0.12837,0.33317003,28995235840,Consumer Defensive,The Kraft Heinz Company
KR,60.61947,8.894,0.07997,0.24024001,45393457152,Consumer Defensive,Kroger Company (The)
LHX,41.575115,19.086,0.08191,0.25726,66257858560,Industrials,"L3Harris Technologies, Inc."
LH,27.272684,13.408,0.10509,0.2876,23671681024,Healthcare,Labcorp Holdings Inc.
LRCX,50.78029,40.967,0.65565,0.49800998,310616195072,Technology,Lam Research Corporation
LW,17.269928,8.465,0.23164,0.22104,6642235904,Consumer Defensive,"Lamb Weston Holdings, Inc."
LVS,23.685108,11.024,0.73263,0.79980004,37633642496,Consumer Cyclical,Las Vegas Sands Corp.
LDOS,15.507175,10.887,0.31034002,0.18045,22106798080,Technology,"Leidos Holdings, Inc."
LEN,14.630325,8.401,0.08406,0.17742,28835702784,Consumer Cyclical,Lennar Corporation
LII,24.48465,18.225,0.75833,0.33391997,19579381760,Industrials,"Lennox International, Inc."
LLY,46.059643,30.995,1.01159,0.83044,998062751744,Healthcare,Eli Lilly and Company
LIN,34.271233,19.338,0.17817,0.48835,234623565824,Basic Materials,Linde plc
LYV,114.78261,21.211,0.36701,0.25546,36781944832,Communication Services,"Live Nation Entertainment, Inc."
LMT,30.962275,20.597,0.76865,0.1024,153824002048,Industrials,Lockheed Martin Corporation
L,13.569009,8.0,0.09431,0.36501998,22349197312,Financial Services,Loews Corporation
LOW,23.21541,15.938,,0.3359,157184212992,Consumer Cyclical,"Lowe's Companies, Inc."
LULU,12.597774,7.364,0.41017,0.58413,21468194816,Consumer Cyclical,lululemon athletica inc.
LYB,,14.442,-0.06949,0.08545999,18778068992,Basic Materials,LyondellBasell Industries NV
MTB,12.893526,,0.09797,0.0,34232508416,Financial Services,M&T Bank Corporation
MPC,14.624792,9.79,0.24292,0.104779996,58162372608,Energy,Marathon Petroleum Corporation
MAR,36.252098,23.409,,0.94448996,91451473920,Consumer Cyclical,Marriott International
MRSH,20.855108,13.365,0.29352,0.43631,86028148736,Financial Services,Marsh
MLM,35.448154,22.367,0.10159001,0.30797002,41643892736,Basic Materials,"Martin Marietta Materials, Inc."
MAS,19.278498,12.63,71.5,0.35678002,15151421440,Industrials,Masco Corporation
MA,29.794792,21.968,2.09915,1.0,439266738176,Financial Services,Mastercard Incorporated
MTCH,13.033613,10.457,,0.72804,7464098816,Communication Services,"Match Group, Inc."
MKC,23.69966,17.478,0.14243001,0.37927,18640351232,Consumer Defensive,"McCormick & Company, Incorporat"
MCD,28.00712,20.084,,0.57411,238632878080,Consumer Cyclical,McDonald's Corporation
MCK,27.474747,20.791,,0.03453,117502164992,Healthcare,McKesson Corporation
MDT,27.27095,15.384,,0.65169996,125221806080,Healthcare,Medtronic plc.
MRK,17.052883,11.478,0.37166,0.77084,310087286784,Healthcare,"Merck & Company, Inc."
META,27.116268,15.855,0.30238,0.81999,1612600442880,Communication Services,"Meta Platforms, Inc."
MET,15.381443,14.979,0.12020001,0.23363,49153314816,Financial Services,"MetLife, Inc."
MTD,33.182034,25.181,,0.59374,28524236800,Healthcare,"Mettler-Toledo International, I"
MGM,46.151318,16.517,0.1489,0.44419,9593238528,Consumer Cyclical,MGM Resorts International
MCHP,,47.561,-0.010930001,0.55407,41775656960,Technology,Microchip Technology Incorporat
MU,41.06559,21.408,0.22554001,0.45308998,486231277568,Technology,"Micron Technology, Inc."
MSFT,24.17073,16.483,0.34390998,0.68586,2872539611136,Technology,Microsoft Corporation
MAA,34.92876,16.993,0.07645,0.5869,15888722944,Real Estate,Mid-America Apartment Communiti
MRNA,,-5.375,-0.28868,-1.05761,19968012288,Healthcare,"Moderna, Inc."
MOH,16.56278,4.251,0.11022,0.09354,7608610304,Healthcare,Molina Healthcare Inc
TAP,,6.407,-0.18172,0.38369,9830440960,Consumer Defensive,Molson Coors Beverage Company
MDLZ,32.10582,19.498,0.09332,0.28375,78298955776,Consumer Defensive,"Mondelez International, Inc."
MPWR,96.38705,71.813,0.17940001,0.55179,59766288384,Technology,"Monolithic Power Systems, Inc."
MNST,48.085224,32.249,0.25538,0.55813,82685296640,Consumer Defensive,Monster Beverage Corporation
MCO,36.275585,22.113,0.62078,0.74435997,80743669760,Financial Services,Moody's Corporation
MS,16.454947,,0.15614,0.87059,267011915776,Financial Services,Morgan Stanley
MOS,7.4313474,6.089,0.101169996,0.15647,9104844800,Basic Materials,Mosaic Company (The)
MSI,36.620094,24.313,1.04197,0.51798,77704568832,Technology,"Motorola Solutions, Inc."
MSCI,35.02425,24.88,,0.82441,41238831104,Financial Services,MSCI Inc.
NDAQ,26.234629,17.436,0.15253,0.63532,46287749120,Financial Services,"Nasdaq, Inc."
NTAP,17.748259,11.527,1.25346,0.70258003,20336121856,Technology,"NetApp, Inc."
NFLX,30.306326,24.076,0.42762002,0.48487,325246877696,Communication Services,"Netflix, Inc."
NEM,19.130434,9.583,0.22343999,0.63236,135328997376,Basic Materials,Newmont Corporation
NWSA,30.103897,12.056,0.06329,0.56667,13475641344,Communication Services,News Corporation
NWS,33.857143,13.385,0.06329,0.56667,14450395136,Communication Services,News Corporation
NEE,28.724243,21.379,0.083739996,0.62268,197497044992,Utilities,"NextEra Energy, Inc."
NKE,37.491226,25.298,0.17950001,0.41132998,94907375616,Consumer Cyclical,"Nike, Inc."
NI,24.184212,14.008,0.0907,0.50614,21745035264,Utilities,NiSource Inc
NDSN,34.51291,19.885,0.17473,0.55280995,16414904320,Industrials,Nordson Corporation
NSC,24.58307,15.554,0.19248,0.45951998,70443753472,Industrials,Norfolk Southern Corporation
NTRS,16.09611,,0.13492,0.0,26605031424,Financial Services,Northern Trust Corporation
NOC,25.125814,17.072,0.26167,0.19815001,104315518976,Industrials,Northrop Grumman Corporation
NCLH,17.26259,10.175,0.39870998,0.41984,10923904000,Consumer Cyclical,Norwegian Cruise Line Holdings 
NRG,26.120327,12.579,0.64186996,0.2175,37725593600,Utilities,"NRG Energy, Inc."
NUE,23.507322,11.264,0.09361,0.11935,40402706432,Basic Materials,Nucor Corporation
NVDA,47.631065,40.861,1.07359,0.7005,4685081083904,Technology,NVIDIA Corporation
NVR,17.095915,11.05,0.33185002,0.22889,21175291904,Consumer Cyclical,"NVR, Inc."
NXPI,29.632076,16.79,0.20698999,0.55382997,59391893504,Technology,NXP Semiconductors N.V.
ORLY,31.868687,22.3,,0.51592,79894454272,Consumer Cyclical,"O'Reilly Automotive, Inc."
OXY,38.21111,7.281,0.05929,0.69819,50876563456,Energy,Occidental Petroleum Corporatio
ODFL,40.668045,23.445,0.2393,0.38955003,41453563904,Industrials,"Old Dominion Freight Line, Inc."
OMC,12.173304,10.904,0.00479,0.18571,26191591424,Communication Services,Omnicom Group Inc.
ON,242.55171,16.049,0.01498,0.38321,28303294464,Technology,ON Semiconductor Corporation
OKE,15.05147,11.869,0.17847,0.3197,51564417024,Energy,"ONEOK, Inc."
ORCL,27.263655,19.739,0.69026,0.68543,416082165760,Technology,Oracle Corporation
OTIS,25.755713,16.752,,0.30587,35130933248,Industrials,Otis Worldwide Corporation
PCAR,27.973392,21.275,0.12922,0.14005,66346844160,Industrials,PACCAR Inc.
PKG,26.514585,14.183,0.16903,0.21021,20445878272,Consumer Cyclical,Packaging Corporation of Americ
PLTR,204.73015,212.133,0.25983,0.82366997,308478312448,Technology,Palantir Technologies Inc.
PANW,90.41509,78.331,0.16259001,0.73502,116168794112,Technology,"Palo Alto Networks, Inc."
PSKY,351.16666,9.085,0.01279,0.31702,11621865472,Communication Services,Paramount Skydance Corporation
PH,37.18659,25.532,0.25781,0.37427,128791347200,Industrials,Parker-Hannifin Corporation
PAYX,19.988688,12.166,0.40884998,0.73362,31714775040,Technology,"Paychex, Inc."
PAYC,14.759901,9.147,0.27417,0.87181,6548103680,Technology,"Paycom Software, Inc."
PYPL,8.043438,6.381,0.25732002,0.41484,40714895360,Financial Services,"PayPal Holdings, Inc."
PNR,25.913485,18.61,0.17478001,0.40477002,16694759424,Industrials,Pentair plc.
PEP,28.105177,15.059,0.42848,0.5446,230191726592,Consumer Defensive,"Pepsico, Inc."
PFE,20.057352,7.829,0.085760005,0.75807,155094728704,Healthcare,"Pfizer, Inc."
PCG,15.631356,10.329,0.08207,0.39583,40541515776,Utilities,Pacific Gas & Electric Co.
PM,25.738361,18.061,,0.67117995,290881929216,Consumer Defensive,Philip Morris International Inc
PSX,14.18026,12.541,0.15427,0.123009995,61833035776,Energy,Phillips 66
PNW,20.375257,12.902,0.087749995,0.41159,11827805184,Utilities,Pinnacle West Capital Corporati
PNC,13.1447525,,0.12158,0.0,88116166656,Financial Services,"PNC Financial Services Group, I"
POOL,20.075205,15.007,0.33058998,0.29728,8218358784,Industrials,Pool Corporation
PPG,18.23555,12.765,0.21077,0.41625,28481083392,Basic Materials,"PPG Industries, Inc."
PPL,25.340136,13.1,0.08157,0.43475,27555284992,Utilities,PPL Corporation
PFG,13.7565975,11.118,0.10524,0.44241002,20611676160,Financial Services,Principal Financial Group Inc
PG,24.488163,16.584,0.31562,0.51189,387443949568,Consumer Defensive,Procter & Gamble Company (The)
PGR,10.617265,7.852,0.40448,0.18546,119684456448,Financial Services,Progressive Corporation (The)
PLD,39.272472,26.383,0.06127,0.75691,129961639936,Real Estate,"Prologis, Inc."
PRU,9.999,7.924,0.11359999,0.29603,34761719808,Financial Services,"Prudential Financial, Inc."
PEG,20.473558,14.943,0.12579,0.35561,42512945152,Utilities,Public Service Enterprise Group
PTC,22.599411,15.598,0.23141001,0.84233004,18259953664,Technology,PTC Inc.
PSA,33.640953,19.947,0.18763,0.74723,53196881920,Real Estate,Public Storage
PHM,12.67446,8.801,0.17673999,0.26413,27106693120,Consumer Cyclical,"PulteGroup, Inc."
PWR,82.12666,35.327,0.12739,0.15010999,82663137280,Industrials,"Quanta Services, Inc."
QCOM,29.225807,11.102,0.2148,0.55101,154823835648,Technology,QUALCOMM Incorporated
DGX,23.858286,12.952,0.14751,0.33321,23222953984,Healthcare,Quest Diagnostics Incorporated
Q,45.078545,18.241,,0.46324003,24644392960,Technology,"Qnity Electronics, Inc."
RL,25.294697,16.607,0.33846,0.69649005,22563479552,Consumer Cyclical,Ralph Lauren Corporation
RJF,15.065006,,0.17124,0.92980003,30433075200,Financial Services,"Raymond James Financial, Inc."
RTX,39.907444,20.729,0.109519996,0.20076999,266229317632,Industrials,RTX Corporation
O,61.948597,17.847,0.02488,0.92573,60856647680,Real Estate,Realty Income Corporation
REG,27.312056,19.114,0.07683,0.71623003,14383080448,Real Estate,Regency Centers Corporation
REGN,18.78134,17.696,0.14864999,0.44566002,82361016320,Healthcare,"Regeneron Pharmaceuticals, Inc."
RF,12.378261,,0.1165,0.0,24964673536,Financial Services,Regions Financial Corporation
RSG,32.129738,15.957,0.18301001,0.43005002,68230909952,Industrials,"Republic Services, Inc."
RMD,24.860672,18.48,0.25676,0.61474,36723658752,Healthcare,ResMed Inc.
RVTY,47.62379,15.944,0.03216,0.54774,11387300864,Healthcare,"Revvity, Inc."
HOOD,35.23415,,0.21993999,0.92376,65029279744,Financial Services,"Robinhood Markets, Inc."
ROK,45.865868,25.248,0.23736,0.48494,45173968896,Industrials,"Rockwell Automation, Inc."
ROL,55.261467,35.112,0.38944,0.52752,28978589696,Consumer Cyclical,"Rollins, Inc."
ROP,23.657747,14.293,0.07929,0.69244003,36159717376,Technology,"Roper Technologies, Inc."
ROST,31.179688,21.318,0.37425,0.3259,64898904064,Consumer Cyclical,"Ross Stores, Inc."
RCL,20.252562,15.563,0.47731,0.50616,86271385600,Consumer Cyclical,Royal Caribbean Cruises Ltd.
SPGI,28.403755,18.037,0.13087,0.70246005,125999620096,Financial Services,S&P Global Inc.
CRM,24.786095,14.172,0.12184,0.77729,176500801536,Technology,"Salesforce, Inc."
SNDK,,68.51,-0.09372,0.34807998,96195403776,Technology,Sandisk Corporation
SBAC,25.269812,19.8,,0.75166,21407973376,Real Estate,SBA Communications Corporation
SLB,22.002129,11.127,0.13904001,0.18687999,77316112384,Energy,SLB Limited
STX,46.33906,32.469,,0.38775003,89330860032,Technology,Seagate Technology Holdings PLC
SRE,28.626156,18.554,0.0677,0.41332,60722229248,Utilities,DBA Sempra
NOW,61.928143,37.091,0.15488,0.77533996,109122887680,Technology,"ServiceNow, Inc."
SHW,35.62366,23.092,0.59391,0.48848,91219845120,Basic Materials,Sherwin-Williams Company (The)
SPG,14.052967,20.47,1.04109,0.81878996,75055677440,Real Estate,"Simon Property Group, Inc."
SWKS,23.256706,9.119,0.06485,0.41132,9127678976,Technology,"Skyworks Solutions, Inc."
SJM,,10.815,-0.17438,0.3514,11619012608,Consumer Defensive,The J.M. Smucker Company
SW,31.527395,7.706,0.03911,0.19382,24046098432,Consumer Cyclical,Smurfit WestRock plc
SNA,20.025013,14.114,0.18327999,0.51735,19985463296,Industrials,Snap-On Incorporated
SOLV,8.4925375,12.785,0.37271,0.54403996,12829915136,Healthcare,Solventum Corporation
SO,23.482588,13.056,0.11043,0.48469,103944306688,Utilities,Southern Company (The)
LUV,63.92405,16.138,0.04812,0.2204,26116331520,Industrials,Southwest Airlines Company
SWK,33.754715,11.456,0.04522,0.30628002,13854458880,Industrials,"Stanley Black & Decker, Inc."
SBUX,79.24166,24.518,,0.22167999,108336029696,Consumer Cyclical,Starbucks Corporation
STT,13.436703,,0.11078,0.0,35278557184,Financial Services,State Street Corporation
STLD,23.98125,15.764,0.13284001,0.13161,28241201152,Basic Materials,"Steel Dynamics, Inc."
STE,34.461994,16.433,0.10468,0.44322,24251389952,Healthcare,STERIS plc (Ireland)
SYK,45.269367,22.952,0.15079,0.65042,145348984832,Healthcare,Stryker Corporation
SMCI,22.467154,17.826,0.13193,0.0802,18436894720,Technology,"Super Micro Computer, Inc."
SYF,7.5625005,,0.21304001,0.0,25276807168,Financial Services,Synchrony Financial
SNPS,53.810646,69.151,0.0716,0.81404996,83183247360,Technology,"Synopsys, Inc."
SYY,24.159029,12.537,0.82345,0.18462999,42926555136,Consumer Defensive,Sysco Corporation
TMUS,22.847736,10.981,0.18177,0.63165003,248397955072,Communication Services,"T-Mobile US, Inc."
TROW,10.136158,6.252,0.18791,0.5127,20439660544,Financial Services,"T. Rowe Price Group, Inc."
TTWO,,45.194,-0.86217004,0.59289,37183234048,Communication Services,"Take-Two Interactive Software, "
TPR,59.56178,18.659,0.55337,0.75981003,31570294784,Consumer Cyclical,"Tapestry, Inc."
TRGP,30.679245,13.897,0.51381,0.38292,48986275840,Energy,"Targa Resources, Inc."
TGT,13.96726,8.427,0.25094998,0.27813998,52360364032,Consumer Defensive,Target Corporation
TEL,34.51513,16.109,0.16097,0.35689,70312026112,Technology,TE Connectivity plc
TDY,36.05923,22.329,0.08926,0.42758,31998013440,Technology,Teledyne Technologies Incorpora
TER,95.214615,61.359,0.19734,0.58224,52557053952,Technology,"Teradyne, Inc."
TSLA,373.10184,140.124,0.049250003,0.18027,1512042528768,Consumer Cyclical,"Tesla, Inc."
TXN,39.670643,26.133,0.30148,0.57023996,196448845824,Technology,Texas Instruments Incorporated
TPL,72.327614,52.688,0.37152,0.93294,34854780928,Energy,Texas Pacific Land Corporation
TXT,19.173828,11.848,0.12242,0.18035,17097525248,Industrials,Textron Inc.
TMO,29.175428,20.049,0.13024001,0.41682,194784870400,Healthcare,Thermo Fisher Scientific Inc
TJX,34.772625,23.249,0.58396,0.30852,175310110720,Consumer Cyclical,"TJX Companies, Inc. (The)"
TKO,80.37786,23.802,0.08129,0.93121004,17297207296,Communication Services,"TKO Group Holdings, Inc."
TTD,28.017046,17.136,0.16783,0.78812,12054887424,Communication Services,"The Trade Desk, Inc."
TSCO,26.000002,17.393,0.45183998,0.36424,28301297664,Consumer Cyclical,Tractor Supply Company
TT,35.122433,25.042,0.36956,0.36161,102412378112,Industrials,Trane Technologies plc
TDG,41.532623,21.688,,0.59693,72968364032,Industrials,Transdigm Group Incorporated
TRV,11.054887,7.766,0.20698999,0.2937,67616100352,Financial Services,"The Travelers Companies, Inc."
TRMB,37.883526,20.378,0.07322,0.71081,15866589184,Technology,Trimble Inc.
TFC,12.955498,,0.08236,0.0,63309901824,Financial Services,Truist Financial Corporation
TYL,45.102634,30.337,0.08901,0.46464002,14068308992,Technology,"Tyler Technologies, Inc."
TSN,112.58929,11.365,0.012560001,0.06151,22198579200,Consumer Defensive,"Tyson Foods, Inc."
USB,11.920996,,0.12184,0.0,85641633792,Financial Services,U.S. Bancorp
UBER,14.9852,23.964,0.39925998,0.38497,147276611584,Technology,"Uber Technologies, Inc."
UDR,33.0,18.533,0.09378,0.66621,14039277568,Real Estate,"UDR, Inc."
ULTA,26.28243,17.241,0.47967,0.42902002,30710697984,Consumer Cyclical,"Ulta Beauty, Inc."
UNP,22.112782,15.1,0.40377,0.56353,157064790016,Industrials,Union Pacific Corporation
UAL,10.817157,6.893,0.23987,0.33963,35719630848,Industrials,"United Airlines Holdings, Inc."
UPS,17.592989,9.859,0.33772,0.22601,97994833920,Industrials,"United Parcel Service, Inc."
URI,23.206055,15.897,0.28357,0.38356,56952639488,Industrials,"United Rentals, Inc."
UNH,20.628399,13.239,0.12538,0.18526,247402627072,Healthcare,UnitedHealth Group Incorporated
UHS,10.9964285,7.696,0.20028,0.43578,14695764992,Healthcare,"Universal Health Services, Inc."
VLO,26.076517,9.563,0.082779996,0.124680005,61403426816,Energy,Valero Energy Corporation
VTR,160.12962,24.423,0.0217,0.41213,41070243840,Real Estate,"Ventas, Inc."
VLTO,24.867048,17.538,0.36498,0.59949,23215826944,Industrials,Veralto Corp
VRSN,24.252836,17.889,,0.8815,19829456896,Technology,"VeriSign, Inc."
VRSK,29.263845,18.703,4.3794603,0.69879997,26575884288,Industrials,"Verisk Analytics, Inc."
VZ,12.205666,7.532,0.17069,0.59071,209007345664,Communication Services,Verizon Communications Inc.
VRTX,31.841501,24.172,0.22541,0.53665,123742445568,Healthcare,Vertex Pharmaceuticals Incorpor
VTRS,,7.921,-0.21087,0.40068,18881310720,Healthcare,Viatris Inc.
VICI,11.414449,13.601,0.10357001,0.99073,32085719040,Real Estate,VICI Properties Inc.
V,28.61466,20.342,0.53954,0.97777003,587010932736,Financial Services,Visa Inc.
VST,60.0681,14.649,0.1731,0.34809,56783765504,Utilities,Vistra Corp.
VMC,37.00295,19.627,0.12972,0.27384,41460695040,Basic Materials,Vulcan Materials Company (Holdi
WRB,15.822474,10.623,0.19600001,0.43407002,26757292032,Financial Services,W.R. Berkley Corporation
GWW,31.650282,18.76,0.46098998,0.39064997,53592203264,Industrials,"W.W. Grainger, Inc."
WAB,38.54825,20.555,0.11096,0.34665,45076283392,Industrials,Westinghouse Air Brake Technolo
WMT,46.835163,24.124,0.21847,0.24927,1019408744448,Consumer Defensive,Walmart Inc.
DIS,15.667157,11.989,0.12024,0.37284002,188652912640,Communication Services,Walt Disney Company (The)
WBD,153.1842,13.166,0.00969,0.44484,72165457920,Communication Services,"Warner Bros. Discovery, Inc. - "
WM,34.55812,15.44,0.29696,0.40438,93527515136,Industrials,"Waste Management, Inc."
WAT,30.45721,18.112,0.29279,0.59283,32115984384,Healthcare,Waters Corporation
WEC,23.81497,15.642,0.11576,0.42378,37281615872,Utilities,"WEC Energy Group, Inc."
WFC,13.38099,,0.11732,0.0,262945406976,Financial Services,Wells Fargo & Company
WELL,147.04578,61.408,0.025390001,0.40223,145694212096,Real Estate,Welltower Inc.
WST,36.30486,21.138,0.16855,0.35913,17754015744,Healthcare,"West Pharmaceutical Services, I"
WDC,26.350994,,0.41126,0.42723998,95229206528,Technology,Western Digital Corporation
WY,55.13289,33.098,0.03384,0.14844,17884416000,Real Estate,Weyerhaeuser Company
WSM,23.084988,14.534,0.56918997,0.46307,24968474624,Consumer Cyclical,"Williams-Sonoma, Inc."
WMB,33.834576,17.869,0.18555,0.62122,88480129024,Energy,"Williams Companies, Inc. (The)"
WTW,17.962484,11.8,0.20076,0.42058,27965298688,Financial Services,Willis Towers Watson Public Lim
WDAY,55.03178,25.564,0.073359996,0.75636,34676625408,Technology,"Workday, Inc."
WYNN,35.162422,11.831,,0.41426998,11480048640,Consumer Cyclical,"Wynn Resorts, Limited"
XEL,24.347952,14.086,0.09916,0.44434,49257517056,Utilities,Xcel Energy Inc.
XYL,32.59566,16.699,0.08396,0.38462,31125989376,Industrials,Xylem Inc.
YUM,30.037907,20.1,,0.46165,46204207104,Consumer Cyclical,"Yum! Brands, Inc."
ZBRA,29.251528,14.163,0.116809994,0.48054,12136674304,Technology,Zebra Technologies Corporation
ZBH,28.042255,10.708,0.05599,0.69708,19728973824,Healthcare,"Zimmer Biomet Holdings, Inc."
ZTS,21.453749,14.781,0.65992,0.71892,57010765824,Healthcare,Zoetis Inc.
